config,mean_req_per_s
load_config0,0.058036203924937746
load_config1,0.14928236272180576
load_config2,0.09285794895948504
