config,mean_req_per_s
load_config0,7.165918497578175
load_config1,7.208050005945208
load_config2,7.2306233826487185
