config,mean_req_per_s
load_config0,7.330465864394381
load_config1,7.331295137910954
load_config2,7.331694015512925
