config,mean_req_per_s
load_config0,7.316231134979647
load_config1,7.3210343824630595
load_config2,7.3233795357205205
